group,scale,jobs,machines,mean_Nc,mean_Ns,mean_rho,median_pruning,mean_pruning,mean_eta,median_eta,mean_Bconv_MB,mean_Bfd_MB,mean_Wconv_M,mean_Wfd_M,max_peak_stack,max_lb1,mean_peak_stack
ta001–ta010,20×5,20,5,127553.2,20144.7,17.07863362532573,85.48686350364275,82.92136637467426,80.28978742730585,82.85528455627434,19.3880864,3.5722072,2.4235108,0.3827493,184,1634,164.5
ta011–ta020,20×10,20,10,137119.1,20136.7,15.269897676369983,85.73084605304555,84.73010232363,82.0985233762616,83.09926710567713,20.8421032,3.6092548,2.6052629,0.3825973,176,2010,160.4
ta021–ta030,20×20,20,20,146845.2,20140.9,14.05373944910176,86.97648882213969,85.94626055089824,83.3146816035298,84.34490987477128,22.320470399999998,3.6487976000000004,2.7900587999999997,0.3826771,173,2654,157.5
ta031–ta040,50×5,50,5,217073.5,21112.1,9.98384387263437,89.99509442753498,90.01615612736563,87.3845771799972,87.36351548016657,32.995172000000004,4.0773332,4.1243965000000005,0.40112990000000004,1181,3133,1131.5
ta041–ta050,50×10,50,10,326301.0,21032.4,6.572605098645532,93.6848301198256,93.42739490135446,90.79581595398604,91.05325117245718,49.597752,4.5021287999999995,6.199719,0.3996156,1113,3441,1055.5
ta051–ta060,50×20,50,20,339482.2,21015.0,6.324323882007425,94.0596940365484,93.67567611799258,91.04409717062416,91.42811508917998,51.60129440000001,4.5522088,6.450161800000001,0.399285,1120,4317,1041.0
ta061–ta070,100×5,100,5,313535.6,24737.9,8.183694636692351,91.74604569554342,91.81630536330763,89.18472641593922,89.11446674817499,47.6574112,5.0143032,5.9571764,0.4700201,4841,5758,4758.2
ta071–ta080,100×10,100,10,444734.9,24558.3,6.356459942526505,94.8597660336533,93.64354005747349,91.01196111010508,92.2281870862849,67.59970480000001,5.5118012,8.449963100000002,0.46660769999999996,4884,6378,4583.7
ta081–ta090,100×20,100,20,666265.9,24253.7,3.6864072284677833,96.26089257199214,96.31359277153221,93.68201382416379,93.62931362462373,101.2724168,6.351626,12.6590521,0.46082029999999996,4485,6893,4286.3
ta091–ta100,200×10,200,10,774401.6,38893.2,5.102829689347784,95.0055373953703,94.89717031065221,92.26559136328379,92.37395844800187,117.7090432,9.0093728,14.7136304,0.7389708,19356,11503,18919.8
ta101–ta110,200×20,200,20,1136150.6,37922.2,3.345902074953963,96.66819675111947,96.65409792504603,94.0225189776776,94.03661780375106,172.69489119999997,10.3087768,21.586861399999997,0.7205218,18262,12150,17956.3
ta111–ta120,500×20,500,20,2142440.5,138225.2,6.474949981226727,93.5549130532131,93.52505001877327,90.89347107140485,90.92333410584467,325.650956,29.579992400000002,40.7063695,2.6262788,119428,27647,118251.7
