B_FD_BB,B_conventional,cnt_candidates,cnt_complete,cnt_parents_popped,cnt_pruned,cnt_survivors,conv_state_wr_words,depth_hist,fd_state_wr_words,final_UB,initial_UB,instance,max_c_bwd,max_c_fwd,max_lb1,max_observed_time_val,max_sum_lb1,peak_stack_depth,pruning_ratio,state_reduction,survivor_ratio,transient_ratio,uint16_safe,uint32_safe,group,scale,jobs,machines,pruning_pct,rho_pct,eta_pct,Bconv_MB,Bfd_MB,conv_Mwords,fd_Mwords,formula_eta_pct,formula_error,bram_reduction_pct
3679964,23590856,155203,0,20000,135077,20126,2948857,{},382394,1265,1265,ta001,0,1296,1426,0,0,162,0.8703246715591838,0.8440088820854996,0.1296753284408162,0.8703246715591838,True,True,ta001–ta010,20×5,20,5,87.03246715591838,12.967532844081619,84.40088820854996,23.590856,3.679964,2.948857,0.382394,84.40088820854996,0.0,87.03246715591838
3489428,16211864,106657,0,20000,86507,20150,2026483,{},382850,1239,1239,ta002,0,1340,1405,0,0,170,0.8110766288194867,0.7847608393458025,0.1889233711805132,0.8110766288194868,True,True,ta001–ta010,20×5,20,5,81.10766288194867,18.89233711805132,78.47608393458026,16.211864,3.489428,2.026483,0.38285,78.47608393458026,0.0,81.10766288194868
3600308,20488840,134795,0,20000,114656,20139,2561105,{},382641,1133,1133,ta003,0,1272,1365,0,0,160,0.8505953484921548,0.8242795590184706,0.1494046515078452,0.8505953484921548,True,True,ta001–ta010,20×5,20,5,85.05953484921548,14.94046515078452,82.42795590184706,20.48884,3.600308,2.561105,0.382641,82.42795590184706,0.0,85.05953484921548
3463028,15133576,99563,0,20000,79400,20163,1891697,{},383097,1449,1449,ta004,0,1576,1634,0,0,174,0.7974850094914777,0.7711692200177935,0.2025149905085222,0.7974850094914778,True,True,ta001–ta010,20×5,20,5,79.74850094914777,20.25149905085222,77.11692200177936,15.133576,3.463028,1.891697,0.383097,77.11692200177936,0.0,79.74850094914778
3315096,9471728,62314,0,20000,42144,20170,1183966,{},383230,1342,1342,ta005,0,1501,1522,0,0,184,0.676316718554418,0.6500009290807338,0.323683281445582,0.6763167185544179,True,True,ta001–ta010,20×5,20,5,67.6316718554418,32.3683281445582,65.00009290807338,9.471728,3.315096,1.183966,0.38323,65.00009290807338,0.0,67.6316718554418
3673624,23274848,153124,0,20000,132985,20139,2909356,{},382641,1260,1260,ta006,0,1289,1410,0,0,157,0.8684791410882683,0.8421633516145841,0.1315208589117316,0.8684791410882683,True,True,ta001–ta010,20×5,20,5,86.84791410882683,13.15208589117316,84.21633516145842,23.274848,3.673624,2.909356,0.382641,84.21633516145842,0.0,86.84791410882683
3661440,22840736,150268,0,20000,130134,20134,2855092,{},382546,1205,1205,ta007,0,1303,1401,0,0,156,0.8660127239332392,0.8396969344595551,0.1339872760667607,0.8660127239332392,True,True,ta001–ta010,20×5,20,5,86.60127239332392,13.39872760667607,83.9696934459555,22.840736,3.66144,2.855092,0.382546,83.96969344595551,1.4210854715202004e-14,86.60127239332392
3697132,24197032,159191,0,20000,139057,20134,3024629,{},382546,1315,1315,ta008,0,1330,1462,0,0,156,0.8735230006721485,0.8472072111984643,0.1264769993278514,0.8735230006721486,True,True,ta001–ta010,20×5,20,5,87.35230006721486,12.64769993278514,84.72072111984643,24.197032,3.697132,3.024629,0.382546,84.72072111984644,1.4210854715202004e-14,87.35230006721486
3510292,16946936,111493,0,20000,91333,20160,2118367,{},383040,1316,1316,ta009,0,1406,1468,0,0,169,0.8191814732763492,0.792865683802665,0.1808185267236508,0.8191814732763492,True,True,ta001–ta010,20×5,20,5,81.91814732763491,18.08185267236508,79.2865683802665,16.946936,3.510292,2.118367,0.38304,79.2865683802665,0.0,81.91814732763491
3631760,21724448,142924,0,20000,122792,20132,2715556,{},382508,1231,1231,ta010,0,1306,1414,0,0,157,0.8591419215807002,0.8328261321070161,0.1408580784192997,0.8591419215807002,True,True,ta001–ta010,20×5,20,5,85.91419215807002,14.08580784192997,83.28261321070161,21.724448,3.63176,2.715556,0.382508,83.28261321070161,0.0,85.91419215807002
3725788,25407256,167153,0,20000,147040,20113,3175907,{},382147,1631,1631,ta011,0,1688,1837,0,0,153,0.8796731138537747,0.8533573243800905,0.1203268861462253,0.8796731138537747,True,True,ta011–ta020,20×10,20,10,87.96731138537747,12.032688614622531,85.33573243800905,25.407256,3.725788,3.175907,0.382147,85.33573243800905,0.0,87.96731138537747
3619032,21131040,139020,0,20000,118869,20151,2641380,{},382869,1775,1775,ta012,0,1908,2010,0,0,164,0.8550496331463099,0.8287338436726257,0.1449503668536901,0.8550496331463099,True,True,ta011–ta020,20×10,20,10,85.50496331463098,14.495036685369008,82.87338436726257,21.13104,3.619032,2.64138,0.382869,82.87338436726257,0.0,85.50496331463098
3635116,21799992,143421,0,20000,123280,20141,2724999,{},382679,1598,1598,ta013,0,1691,1796,0,0,163,0.859567287914601,0.8332514984409168,0.1404327120853989,0.859567287914601,True,True,ta011–ta020,20×10,20,10,85.95672879146011,14.04327120853989,83.32514984409168,21.799992,3.635116,2.724999,0.382679,83.3251498440917,1.4210854715202004e-14,85.95672879146011
3734952,25697728,169064,0,20000,148941,20123,3212216,{},382337,1420,1420,ta014,0,1512,1636,0,0,145,0.8809740689916244,0.8546582795179403,0.1190259310083755,0.8809740689916244,True,True,ta011–ta020,20×10,20,10,88.09740689916245,11.90259310083755,85.46582795179403,25.697728,3.734952,3.212216,0.382337,85.46582795179404,1.4210854715202004e-14,88.09740689916245
3675736,23430192,154146,0,20000,134020,20126,2928774,{},382394,1480,1480,ta015,0,1630,1733,0,0,148,0.8694354702684468,0.8431196807947626,0.1305645297315532,0.8694354702684468,True,True,ta011–ta020,20×10,20,10,86.94354702684468,13.05645297315532,84.31196807947626,23.430192,3.675736,2.928774,0.382394,84.31196807947626,0.0,86.94354702684468
3578752,19710144,129672,0,20000,109540,20132,2463768,{},382508,1436,1436,ta016,0,1585,1681,0,0,157,0.844746745635141,0.8184309561614568,0.155253254364859,0.844746745635141,True,True,ta011–ta020,20×10,20,10,84.4746745635141,15.5253254364859,81.84309561614567,19.710144,3.578752,2.463768,0.382508,81.84309561614567,0.0,84.4746745635141
3559176,18885392,124246,0,20000,104100,20146,2360674,{},382774,1565,1565,ta017,0,1746,1812,0,0,168,0.8378539349355312,0.8115381454618469,0.1621460650644688,0.8378539349355312,True,True,ta011–ta020,20×10,20,10,83.78539349355312,16.21460650644688,81.15381454618469,18.885392,3.559176,2.360674,0.382774,81.1538145461847,1.4210854715202004e-14,83.78539349355312
3413880,13317936,87618,0,20000,67464,20154,1664742,{},382926,1657,1657,ta018,0,1836,1866,0,0,176,0.7699787714853112,0.743662982011627,0.2300212285146887,0.7699787714853112,True,True,ta011–ta020,20×10,20,10,76.99787714853113,23.00212285146887,74.36629820116269,13.317936,3.41388,1.664742,0.382926,74.3662982011627,1.4210854715202004e-14,76.99787714853113
3665788,23046392,151621,0,20000,131494,20127,2880799,{},382413,1573,1573,ta019,0,1712,1808,0,0,154,0.8672545359811635,0.8409387465074794,0.1327454640188364,0.8672545359811635,True,True,ta011–ta020,20×10,20,10,86.72545359811636,13.274546401883642,84.09387465074794,23.046392,3.665788,2.880799,0.382413,84.09387465074795,1.4210854715202004e-14,86.72545359811636
3484328,15994960,105230,0,20000,85076,20154,1999370,{},382926,1758,1758,ta020,0,1800,1869,0,0,176,0.8084766701510976,0.7821608806774134,0.1915233298489024,0.8084766701510976,True,True,ta011–ta020,20×10,20,10,80.84766701510976,19.15233298489024,78.21608806774134,15.99496,3.484328,1.99937,0.382926,78.21608806774134,0.0,80.84766701510976
3552888,18623344,122522,0,20000,102372,20150,2327918,{},382850,2332,2332,ta021,0,2516,2598,0,0,168,0.8355397398018315,0.8092239503281473,0.1644602601981684,0.8355397398018315,True,True,ta021–ta030,20×20,20,20,83.55397398018314,16.44602601981684,80.92239503281473,18.623344,3.552888,2.327918,0.38285,80.92239503281475,1.4210854715202004e-14,83.55397398018314
3501824,16677136,109718,0,20000,89567,20151,2084642,{},382869,2234,2234,ta022,0,2481,2527,0,0,173,0.8163382489655299,0.7900224594918456,0.1836617510344702,0.8163382489655298,True,True,ta021–ta030,20×20,20,20,81.63382489655298,18.36617510344702,79.00224594918456,16.677136,3.501824,2.084642,0.382869,79.00224594918456,0.0,81.63382489655298
3755412,26469432,174141,0,20000,154017,20124,3308679,{},382356,2256,2256,ta023,0,2395,2526,0,0,141,0.8844384722724689,0.8581226827987847,0.1155615277275311,0.8844384722724689,True,True,ta021–ta030,20×20,20,20,88.44384722724689,11.55615277275311,85.81226827987847,26.469432,3.755412,3.308679,0.382356,85.81226827987847,0.0,88.44384722724689
3670692,23111448,152049,0,20000,131901,20148,2888931,{},382812,2253,2253,ta024,0,2410,2524,0,0,161,0.8674900854329854,0.8411742959593012,0.1325099145670145,0.8674900854329854,True,True,ta021–ta030,20×20,20,20,86.74900854329854,13.250991456701449,84.11742959593012,23.111448,3.670692,2.888931,0.382812,84.11742959593013,1.4210854715202004e-14,86.74900854329854
3535472,17892224,117712,0,20000,97550,20162,2236528,{},383078,2313,2313,ta025,0,2576,2654,0,0,172,0.8287175479135517,0.8024017584398675,0.1712824520864482,0.8287175479135518,True,True,ta021–ta030,20×20,20,20,82.87175479135517,17.12824520864482,80.24017584398675,17.892224,3.535472,2.236528,0.383078,80.24017584398676,1.4210854715202004e-14,82.87175479135517
3699448,24337024,160112,0,20000,139987,20125,3042128,{},382375,2236,2236,ta026,0,2315,2446,0,0,153,0.8743067352853003,0.847990945811616,0.1256932647146997,0.8743067352853002,True,True,ta021–ta030,20×20,20,20,87.43067352853004,12.569326471469969,84.79909458116161,24.337024,3.699448,3.042128,0.382375,84.79909458116161,0.0,87.43067352853002
3691400,23927232,157416,0,20000,137273,20143,2990904,{},382717,2326,2326,ta027,0,2413,2540,0,0,151,0.8720396910098084,0.8457239015361242,0.1279603089901916,0.8720396910098084,True,True,ta021–ta030,20×20,20,20,87.20396910098084,12.79603089901916,84.57239015361242,23.927232,3.6914,2.990904,0.382717,84.57239015361242,0.0,87.20396910098084
3624744,21417408,140904,0,20000,120765,20139,2677176,{},382641,2236,2236,ta028,0,2439,2551,0,0,159,0.8570729006983479,0.8307571112246637,0.1429270993016521,0.8570729006983479,True,True,ta021–ta030,20×20,20,20,85.70729006983478,14.29270993016521,83.07571112246637,21.417408,3.624744,2.677176,0.382641,83.07571112246637,0.0,85.70729006983478
3713908,24834520,163385,0,20000,143251,20134,3104315,{},382546,2314,2314,ta029,0,2477,2603,0,0,150,0.8767695932919178,0.8504538038182337,0.1232304067080821,0.8767695932919178,True,True,ta021–ta030,20×20,20,20,87.67695932919179,12.32304067080821,85.04538038182336,24.83452,3.713908,3.104315,0.382546,85.04538038182338,1.4210854715202004e-14,87.67695932919179
3742188,25914936,170493,0,20000,150360,20133,3239367,{},382527,2218,2218,ta030,0,2447,2550,0,0,147,0.8819130404180817,0.8555972509443974,0.1180869595819183,0.8819130404180817,True,True,ta021–ta030,20×20,20,20,88.19130404180817,11.80869595819183,85.55972509443974,25.914936,3.742188,3.239367,0.382527,85.55972509443976,1.4210854715202004e-14,88.19130404180817
4237020,39225576,258063,0,20000,236979,21084,4903197,{},400596,2658,2658,ta031,0,2533,2789,0,0,1102,0.9182990200067426,0.8919832305330584,0.0817009799932574,0.9182990200067426,True,True,ta031–ta040,50×5,50,5,91.82990200067425,8.17009799932574,89.19832305330584,39.225576,4.23702,4.903197,0.400596,89.19832305330584,0.0,91.82990200067425
4079816,33015008,217204,0,20000,196079,21125,4126876,{},401375,2839,2839,ta032,0,2859,3060,0,0,1151,0.9027412018194876,0.8764254123458035,0.0972587981805123,0.9027412018194876,True,True,ta031–ta040,50×5,50,5,90.27412018194876,9.72587981805123,87.64254123458035,33.015008,4.079816,4.126876,0.401375,87.64254123458035,0.0,90.27412018194877
4164784,36503712,240156,0,20000,219076,21080,4562964,{},400520,2700,2700,ta033,0,2567,2820,0,0,1092,0.9122237212478556,0.8859079317741714,0.0877762787521444,0.9122237212478556,True,True,ta031–ta040,50×5,50,5,91.22237212478555,8.77762787521444,88.59079317741714,36.503712,4.164784,4.562964,0.40052,88.59079317741714,0.0,91.22237212478555
3981220,29181720,191985,0,20000,170845,21140,3647715,{},401660,2775,2775,ta034,0,2794,2964,0,0,1155,0.8898872307732375,0.8635714412995533,0.1101127692267625,0.8898872307732375,True,True,ta031–ta040,50×5,50,5,88.98872307732375,11.011276922676249,86.35714412995533,29.18172,3.98122,3.647715,0.40166,86.35714412995533,0.0,88.98872307732375
4011544,30334032,199566,0,20000,178426,21140,3791754,{},401660,2891,2891,ta035,0,2929,3133,0,0,1168,0.8940701321868455,0.8677543427131612,0.1059298678131545,0.8940701321868455,True,True,ta031–ta040,50×5,50,5,89.40701321868455,10.59298678131545,86.77543427131612,30.334032,4.011544,3.791754,0.40166,86.77543427131613,1.4210854715202004e-14,89.40701321868455
4033052,31226424,205437,0,20000,184310,21127,3903303,{},401413,2871,2871,ta036,0,2852,3046,0,0,1146,0.897160686731212,0.8708448972575278,0.102839313268788,0.897160686731212,True,True,ta031–ta040,50×5,50,5,89.7160686731212,10.283931326878799,87.08448972575277,31.226424,4.033052,3.903303,0.401413,87.08448972575277,0.0,89.7160686731212
3868336,24811264,163232,0,20000,142078,21154,3101408,{},401926,2769,2769,ta037,0,2769,2914,0,0,1181,0.8704053126837875,0.8440895232101033,0.1295946873162125,0.8704053126837875,True,True,ta031–ta040,50×5,50,5,87.04053126837876,12.959468731621248,84.40895232101033,24.811264,3.868336,3.101408,0.401926,84.40895232101033,0.0,87.04053126837876
3916072,26671440,175470,0,20000,154324,21146,3333930,{},401774,2758,2758,ta038,0,2818,2961,0,0,1167,0.8794893714025189,0.8531735819288347,0.120510628597481,0.8794893714025189,True,True,ta031–ta040,50×5,50,5,87.9489371402519,12.0510628597481,85.31735819288347,26.67144,3.916072,3.33393,0.401774,85.31735819288349,1.4210854715202004e-14,87.9489371402519
4295404,41709864,274407,0,20000,253369,21038,5213733,{},399722,2565,2565,ta039,0,2337,2643,0,0,1046,0.923332859584486,0.8970170701108016,0.0766671404155141,0.923332859584486,True,True,ta031–ta040,50×5,50,5,92.3332859584486,7.66671404155141,89.70170701108016,41.709864,4.295404,5.213733,0.399722,89.70170701108017,1.4210854715202004e-14,92.33328595844858
4186084,37272680,245215,0,20000,224128,21087,4659085,{},400653,2702,2702,ta040,0,2692,2942,0,0,1107,0.9140060763003894,0.8876902868267053,0.0859939236996105,0.9140060763003894,True,True,ta031–ta040,50×5,50,5,91.40060763003895,8.59939236996105,88.76902868267052,37.27268,4.186084,4.659085,0.400653,88.76902868267054,1.4210854715202004e-14,91.40060763003895
4754720,59510432,391516,0,20000,370538,20978,7438804,{},398582,3109,3109,ta041,0,2903,3308,0,0,1000,0.9464185371734488,0.9201027476997646,0.0535814628265511,0.9464185371734488,True,True,ta041–ta050,50×10,50,10,94.64185371734489,5.3581462826551105,92.01027476997646,59.510432,4.75472,7.438804,0.398582,92.01027476997648,1.4210854715202004e-14,94.64185371734489
4623228,54473304,358377,0,20000,337392,20985,6809163,{},398715,3008,3008,ta042,0,2875,3228,0,0,1005,0.9414443449216886,0.9151285554480044,0.0585556550783113,0.9414443449216886,True,True,ta041–ta050,50×10,50,10,94.14443449216886,5.85556550783113,91.51285554480044,54.473304,4.623228,6.809163,0.398715,91.51285554480046,1.4210854715202004e-14,94.14443449216886
4322848,42660320,280660,0,20000,259606,21054,5332540,{},400026,3072,3072,ta043,0,2977,3241,0,0,1066,0.9249839663649968,0.8986681768913126,0.0750160336350032,0.9249839663649968,True,True,ta041–ta050,50×10,50,10,92.49839663649968,7.50160336350032,89.86681768913127,42.66032,4.322848,5.33254,0.400026,89.86681768913127,0.0,92.49839663649968
4712880,57897408,380904,0,20000,359922,20982,7237176,{},398658,3111,3111,ta044,0,3018,3417,0,0,996,0.9449152542372882,0.918599464763604,0.0550847457627118,0.9449152542372882,True,True,ta041–ta050,50×10,50,10,94.49152542372882,5.50847457627118,91.85994647636039,57.897408,4.71288,7.237176,0.398658,91.85994647636039,0.0,94.49152542372882
4563520,51886720,341360,0,20000,320320,21040,6485840,{},399760,3190,3190,ta045,0,3071,3431,0,0,1057,0.938364190297633,0.9120484008239488,0.061635809702367,0.938364190297633,True,True,ta041–ta050,50×10,50,10,93.83641902976329,6.1635809702366995,91.20484008239488,51.88672,4.56352,6.48584,0.39976,91.20484008239488,0.0,93.83641902976329
4280828,40838296,268673,0,20000,247580,21093,5104787,{},400767,3157,3157,ta046,0,3119,3380,0,0,1113,0.9214919251283158,0.8951761356546316,0.0785080748716841,0.9214919251283158,True,True,ta041–ta050,50×10,50,10,92.14919251283158,7.85080748716841,89.51761356546317,40.838296,4.280828,5.104787,0.400767,89.51761356546317,0.0,92.14919251283158
4503568,49498800,325650,0,20000,304591,21059,6187350,{},400121,3232,3232,ta047,0,3090,3438,0,0,1079,0.9353324120988792,0.909016622625195,0.0646675879011208,0.9353324120988792,True,True,ta041–ta050,50×10,50,10,93.53324120988792,6.46675879011208,90.9016622625195,49.4988,4.503568,6.18735,0.400121,90.9016622625195,0.0,93.53324120988792
4583376,52750992,347046,0,20000,326025,21021,6593874,{},399399,3108,3108,ta048,0,2961,3341,0,0,1063,0.9394287788938642,0.91311298942018,0.0605712211061357,0.9394287788938642,True,True,ta041–ta050,50×10,50,10,93.94287788938642,6.0571221106135695,91.311298942018,52.750992,4.583376,6.593874,0.399399,91.31129894201801,1.4210854715202004e-14,93.94287788938642
4451228,47642728,313439,0,20000,292403,21036,5955341,{},399684,3095,3095,ta049,0,3002,3330,0,0,1073,0.9328864627567086,0.9065706732830244,0.0671135372432913,0.9328864627567086,True,True,ta041–ta050,50×10,50,10,93.28864627567086,6.711353724329131,90.65706732830245,47.642728,4.451228,5.955341,0.399684,90.65706732830246,1.4210854715202004e-14,93.28864627567086
4225092,38818520,255385,0,20000,234309,21076,4852315,{},400444,3234,3234,ta050,0,3207,3441,0,0,1103,0.9174736182626232,0.8911578287889389,0.0825263817373769,0.9174736182626232,True,True,ta041–ta050,50×10,50,10,91.74736182626232,8.25263817373769,89.1157828788939,38.81852,4.225092,4.852315,0.400444,89.1157828788939,0.0,91.7473618262623
4621220,54373896,357723,0,20000,336734,20989,6796737,{},398791,4075,4075,ta051,0,3929,4317,0,0,1034,0.9413261098671318,0.9150103203934477,0.0586738901328681,0.9413261098671318,True,True,ta051–ta060,50×20,50,20,94.13261098671319,5.86738901328681,91.50103203934476,54.373896,4.62122,6.796737,0.398791,91.50103203934478,1.4210854715202004e-14,94.13261098671319
4519556,50447128,331889,0,20000,310889,21000,6305891,{},399000,3862,3862,ta052,0,3868,4181,0,0,1026,0.9367258330345386,0.9104100435608544,0.0632741669654613,0.9367258330345388,True,True,ta051–ta060,50×20,50,20,93.67258330345386,6.3274166965461305,91.04100435608544,50.447128,4.519556,6.305891,0.399,91.04100435608545,1.4210854715202004e-14,93.67258330345388
4803920,61530208,404804,0,20000,383852,20952,7691276,{},398088,3831,3831,ta053,0,3740,4182,0,0,988,0.9482416181658284,0.9219258286921442,0.0517583818341716,0.9482416181658284,True,True,ta051–ta060,50×20,50,20,94.82416181658284,5.17583818341716,92.19258286921442,61.530208,4.80392,7.691276,0.398088,92.19258286921442,0.0,94.82416181658284
4595040,53153792,349696,0,20000,328668,21028,6644224,{},399532,3905,3905,ta054,0,3753,4153,0,0,1046,0.939867770863836,0.9135519813901518,0.0601322291361639,0.939867770863836,True,True,ta051–ta060,50×20,50,20,93.9867770863836,6.01322291361639,91.35519813901519,53.153792,4.59504,6.644224,0.399532,91.35519813901519,0.0,93.9867770863836
4293580,41386408,272279,0,20000,251197,21082,5173301,{},400558,3927,3927,ta055,0,3927,4194,0,0,1108,0.9225720676218144,0.8962562781481301,0.0774279323781856,0.9225720676218144,True,True,ta051–ta060,50×20,50,20,92.25720676218144,7.74279323781856,89.62562781481301,41.386408,4.29358,5.173301,0.400558,89.62562781481303,1.4210854715202004e-14,92.25720676218144
4292092,41324088,271869,0,20000,250786,21083,5165511,{},400577,3982,3982,ta056,0,4008,4284,0,0,1120,0.9224516219208516,0.8961358324471673,0.0775483780791484,0.9224516219208516,True,True,ta051–ta060,50×20,50,20,92.24516219208516,7.75483780791484,89.61358324471674,41.324088,4.292092,5.165511,0.400577,89.61358324471675,1.4210854715202004e-14,92.24516219208516
4745900,59175272,389311,0,20000,368333,20978,7396909,{},398582,3849,3849,ta057,0,3806,4217,0,0,996,0.946115059682362,0.9197992702086776,0.053884940317638,0.946115059682362,True,True,ta051–ta060,50×20,50,20,94.6115059682362,5.3884940317638,91.97992702086776,59.175272,4.7459,7.396909,0.398582,91.97992702086778,1.4210854715202004e-14,94.61150596823619
4709360,57752096,379948,0,20000,358964,20984,7219012,{},398696,3886,3886,ta058,0,3770,4170,0,0,1006,0.9447713897691264,0.918455600295442,0.0552286102308737,0.9447713897691264,True,True,ta051–ta060,50×20,50,20,94.47713897691264,5.52286102308737,91.8455600295442,57.752096,4.70936,7.219012,0.398696,91.84556002954422,1.4210854715202004e-14,94.47713897691263
4305560,41853200,275350,0,20000,254270,21080,5231650,{},400520,3994,3994,ta059,0,3969,4242,0,0,1090,0.9234428908661704,0.8971271013924861,0.0765571091338296,0.9234428908661704,True,True,ta051–ta060,50×20,50,20,92.34428908661704,7.6557109133829595,89.71271013924861,41.8532,4.30556,5.23165,0.40052,89.71271013924861,0.0,92.34428908661704
4635860,55016856,361953,0,20000,340979,20974,6877107,{},398506,3945,3945,ta060,0,3920,4307,0,0,996,0.9420532500075977,0.9157374605339136,0.0579467499924023,0.9420532500075977,True,True,ta051–ta060,50×20,50,20,94.20532500075977,5.79467499924023,91.57374605339136,55.016856,4.63586,6.877107,0.398506,91.57374605339135,1.4210854715202004e-14,94.20532500075977
5499976,66638016,438408,0,20000,413761,24647,8329752,{},468293,5404,5404,ta061,0,5133,5630,0,0,4668,0.9437806791846864,0.9174648897110024,0.0562193208153135,0.9437806791846864,True,True,ta061–ta070,100×5,100,5,94.37806791846864,5.62193208153135,91.74648897110023,66.638016,5.499976,8.329752,0.468293,91.74648897110023,0.0,94.37806791846864
5309164,59283192,390021,0,20000,365356,24665,7410399,{},468635,5382,5382,ta062,0,5116,5536,0,0,4672,0.9367598154971144,0.91044402602343,0.0632401845028857,0.9367598154971144,True,True,ta061–ta070,100×5,100,5,93.67598154971144,6.32401845028857,91.044402602343,59.283192,5.309164,7.410399,0.468635,91.04440260234301,1.4210854715202004e-14,93.67598154971142
4878300,42367416,278733,0,20000,253974,24759,5295927,{},470421,5389,5389,ta063,0,5233,5507,0,0,4783,0.9111730580878477,0.8848572686141634,0.0888269419121524,0.9111730580878477,True,True,ta061–ta070,100×5,100,5,91.11730580878476,8.88269419121524,88.48572686141634,42.367416,4.8783,5.295927,0.470421,88.48572686141635,1.4210854715202004e-14,91.11730580878475
4676008,34374192,226146,0,20000,201334,24812,4296774,{},471428,5320,5320,ta064,0,5256,5472,0,0,4827,0.8902832683310782,0.8639674788573939,0.1097167316689218,0.8902832683310782,True,True,ta061–ta070,100×5,100,5,89.02832683310781,10.971673166892181,86.39674788573939,34.374192,4.676008,4.296774,0.471428,86.3967478857394,1.4210854715202004e-14,89.02832683310781
4924356,44256168,291159,0,20000,266424,24735,5532021,{},469965,5567,5567,ta065,0,5328,5645,0,0,4753,0.9150464179365914,0.8887306284629072,0.0849535820634086,0.9150464179365914,True,True,ta061–ta070,100×5,100,5,91.50464179365913,8.49535820634086,88.87306284629072,44.256168,4.924356,5.532021,0.469965,88.87306284629072,0.0,91.50464179365913
4780352,38327712,252156,0,20000,227342,24814,4790964,{},471466,5267,5267,ta066,0,5130,5382,0,0,4841,0.9015926648582624,0.8752768753845781,0.0984073351417376,0.9015926648582624,True,True,ta061–ta070,100×5,100,5,90.15926648582624,9.84073351417376,87.52768753845781,38.327712,4.780352,4.790964,0.471466,87.52768753845783,1.4210854715202004e-14,90.15926648582624
5075536,49781520,327510,0,20000,302737,24773,6222690,{},470687,5276,5276,ta067,0,5100,5446,0,0,4791,0.9243595615401056,0.8980437720664214,0.0756404384598943,0.9243595615401056,True,True,ta061–ta070,100×5,100,5,92.43595615401055,7.5640438459894295,89.80437720664214,49.78152,5.075536,6.22269,0.470687,89.80437720664214,0.0,92.43595615401057
4861216,41596928,273664,0,20000,248884,24780,5199616,{},470820,5478,5478,ta068,0,5370,5624,0,0,4805,0.9094510056127222,0.883135216139038,0.0905489943872778,0.9094510056127222,True,True,ta061–ta070,100×5,100,5,90.94510056127221,9.05489943872778,88.3135216139038,41.596928,4.861216,5.199616,0.47082,88.3135216139038,0.0,90.94510056127221
5146620,53054536,349043,0,20000,324369,24674,6631817,{},468806,5664,5664,ta069,0,5374,5758,0,0,4700,0.9293095693080796,0.9029937798343952,0.0706904306919204,0.9293095693080796,True,True,ta061–ta070,100×5,100,5,92.93095693080797,7.069043069192039,90.29937798343953,53.054536,5.14662,6.631817,0.468806,90.29937798343954,1.4210854715202004e-14,92.93095693080795
4991504,46894432,308516,0,20000,283796,24720,5861804,{},469680,5526,5526,ta070,0,5368,5735,0,0,4742,0.9198744959742768,0.8935587065005927,0.0801255040257231,0.9198744959742768,True,True,ta061–ta070,100×5,100,5,91.98744959742768,8.01255040257231,89.35587065005926,46.894432,4.991504,5.861804,0.46968,89.35587065005926,0.0,91.98744959742768
5746524,76676856,504453,0,20000,479922,24531,9584607,{},466089,5845,5845,ta071,0,5484,6066,0,0,4562,0.9513710890806476,0.9250552996069636,0.0486289109193522,0.9513710890806476,True,True,ta071–ta080,100×10,100,10,95.13710890806476,4.862891091935221,92.50552996069636,76.676856,5.746524,9.584607,0.466089,92.50552996069636,0.0,95.13710890806477
6090508,91261560,600405,0,20000,576136,24269,11407695,{},461111,5646,5646,ta072,0,5171,5825,0,0,4292,0.959578950874826,0.933263161401142,0.0404210491251738,0.959578950874826,True,True,ta071–ta080,100×10,100,10,95.9578950874826,4.04210491251738,93.3263161401142,91.26156,6.090508,11.407695,0.461111,93.3263161401142,0.0,95.95789508748261
5296868,59601480,392115,0,20000,367586,24529,7450185,{},466051,5889,5889,ta073,0,5677,6093,0,0,4543,0.9374443721867308,0.9111285827130468,0.062555627813269,0.9374443721867308,True,True,ta071–ta080,100×10,100,10,93.74443721867308,6.2555627813268995,91.11285827130467,59.60148,5.296868,7.450185,0.466051,91.11285827130469,1.4210854715202004e-14,93.7444372186731
5945876,84437064,555507,0,20000,531008,24499,10554633,{},465481,5891,5891,ta074,0,5494,6131,0,0,4511,0.9558979454804348,0.9295821560067508,0.044102054519565,0.9558979454804348,True,True,ta071–ta080,100×10,100,10,95.58979454804349,4.410205451956499,92.95821560067508,84.437064,5.945876,10.554633,0.465481,92.95821560067509,1.4210854715202004e-14,95.5897945480435
5544896,68887920,453210,0,20000,428657,24553,8610990,{},466507,5675,5675,ta075,0,5421,5900,0,0,4570,0.9458242315924186,0.9195084421187344,0.0541757684075814,0.9458242315924186,True,True,ta071–ta080,100×10,100,10,94.58242315924186,5.41757684075814,91.95084421187345,68.88792,5.544896,8.61099,0.466507,91.95084421187345,0.0,94.58242315924186
4772784,37924608,249504,0,20000,224670,24834,4740576,{},471846,5979,5979,ta076,0,5987,6203,0,0,4864,0.9004665255867641,0.8741507361130799,0.0995334744132358,0.9004665255867641,True,True,ta071–ta080,100×10,100,10,90.04665255867641,9.953347441323581,87.41507361130799,37.924608,4.772784,4.740576,0.471846,87.415073611308,1.4210854715202004e-14,90.04665255867641
4522828,28247224,185837,0,20000,160972,24865,3530903,{},472435,6304,6304,ta077,0,6194,6378,0,0,4884,0.8661999494180384,0.8398841599443542,0.1338000505819616,0.8661999494180384,True,True,ta071–ta080,100×10,100,10,86.61999494180384,13.38000505819616,83.98841599443541,28.247224,4.522828,3.530903,0.472435,83.98841599443541,0.0,86.61999494180384
5989104,86830608,571254,0,20000,546885,24369,10853826,{},463011,5864,5864,ta078,0,5398,6035,0,0,4397,0.9573412177420202,0.931025428268336,0.0426587822579798,0.9573412177420202,True,True,ta071–ta080,100×10,100,10,95.73412177420202,4.26587822579798,93.1025428268336,86.830608,5.989104,10.853826,0.463011,93.1025428268336,0.0,95.73412177420202
5964592,85546816,562808,0,20000,538378,24430,10693352,{},464170,5800,5800,ta079,0,5334,6004,0,0,4480,0.9565926568207984,0.9302768673471143,0.0434073431792014,0.9565926568207984,True,True,ta071–ta080,100×10,100,10,95.65926568207985,4.340734317920139,93.02768673471144,85.546816,5.964592,10.693352,0.46417,93.02768673471145,1.4210854715202004e-14,95.65926568207985
5244032,56582912,372256,0,20000,347552,24704,7072864,{},469376,5886,5886,ta080,0,5772,6158,0,0,4734,0.9336370669646696,0.9073212774909852,0.0663629330353305,0.9336370669646694,True,True,ta071–ta080,100×10,100,10,93.36370669646696,6.6362933035330505,90.73212774909852,56.582912,5.244032,7.072864,0.469376,90.73212774909854,1.4210854715202004e-14,93.36370669646695
6157524,93473160,614955,0,20000,590628,24327,11684145,{},462213,6425,6425,ta081,0,6122,6802,0,0,4350,0.9604410078786252,0.9341252184049412,0.0395589921213747,0.9604410078786252,True,True,ta081–ta090,100×20,100,20,96.04410078786252,3.9558992121374703,93.41252184049412,93.47316,6.157524,11.684145,0.462213,93.41252184049411,1.4210854715202004e-14,96.04410078786253
6832796,121074232,796541,0,20000,772550,23991,15134279,{},455829,6542,6542,ta082,0,5909,6803,0,0,4016,0.969881023073514,0.94356523359983,0.0301189769264858,0.969881023073514,True,True,ta081–ta090,100×20,100,20,96.9881023073514,3.01189769264858,94.356523359983,121.074232,6.832796,15.134279,0.455829,94.356523359983,0.0,96.98810230735141
6535064,108755392,715496,0,20000,691331,24165,13594424,{},459135,6462,6462,ta083,0,6063,6836,0,0,4214,0.9662262262821876,0.9399104368085032,0.0337737737178125,0.9662262262821876,True,True,ta081–ta090,100×20,100,20,96.62262262821876,3.37737737178125,93.99104368085031,108.755392,6.535064,13.594424,0.459135,93.99104368085032,1.4210854715202004e-14,96.62262262821875
6196240,94736432,623266,0,20000,598903,24363,11842054,{},462897,6500,6500,ta084,0,6163,6856,0,0,4402,0.9609107507869834,0.9345949613132992,0.0390892492130165,0.9609107507869834,True,True,ta081–ta090,100×20,100,20,96.09107507869834,3.90892492130165,93.45949613132993,94.736432,6.19624,11.842054,0.462897,93.45949613132993,0.0,96.09107507869834
6217004,95975992,631421,0,20000,607136,24285,11996999,{},461415,6554,6554,ta085,0,6073,6797,0,0,4320,0.961539131577822,0.9352233421041378,0.0384608684221779,0.961539131577822,True,True,ta081–ta090,100×20,100,20,96.1539131577822,3.84608684221779,93.52233421041379,95.975992,6.217004,11.996999,0.461415,93.52233421041379,0.0,96.15391315778221
5881244,82223640,540945,0,20000,516488,24457,10277955,{},464683,6550,6550,ta086,0,6178,6780,0,0,4485,0.954788379594968,0.9284725901212838,0.0452116204050319,0.954788379594968,True,True,ta081–ta090,100×20,100,20,95.4788379594968,4.52116204050319,92.84725901212838,82.22364,5.881244,10.277955,0.464683,92.84725901212839,1.4210854715202004e-14,95.47883795949681
6359232,101525056,667928,0,20000,643668,24260,12690632,{},460940,6525,6525,ta087,0,6019,6772,0,0,4306,0.963678719862021,0.9373629303883368,0.0363212801379789,0.963678719862021,True,True,ta081–ta090,100×20,100,20,96.3678719862021,3.6321280137978897,93.73629303883368,101.525056,6.359232,12.690632,0.46094,93.7362930388337,1.4210854715202004e-14,96.3678719862021
6378800,102436144,673922,0,20000,649691,24231,12804518,{},460389,6654,6654,ta088,0,6088,6893,0,0,4254,0.9640448004368458,0.9377290109631616,0.0359551995631541,0.9640448004368458,True,True,ta081–ta090,100×20,100,20,96.40448004368459,3.59551995631541,93.77290109631616,102.436144,6.3788,12.804518,0.460389,93.77290109631618,1.4210854715202004e-14,96.40448004368459
6756592,117572000,773500,0,20000,749404,24096,14696500,{},457824,6591,6591,ta089,0,5969,6876,0,0,4105,0.9688480930833872,0.942532303609703,0.0311519069166128,0.9688480930833872,True,True,ta081–ta090,100×20,100,20,96.88480930833872,3.11519069166128,94.25323036097029,117.572,6.756592,14.6965,0.457824,94.25323036097029,0.0,96.88480930833872
6201764,94952120,624685,0,20000,600323,24362,11869015,{},462878,6623,6623,ta090,0,6123,6846,0,0,4411,0.9610011445768668,0.9346853551031824,0.0389988554231332,0.9610011445768668,True,True,ta081–ta090,100×20,100,20,96.10011445768669,3.8998855423133203,93.46853551031825,94.95212,6.201764,11.869015,0.462878,93.46853551031826,1.4210854715202004e-14,96.10011445768667
8832276,110310504,725727,0,20000,686718,39009,13788813,{},741171,10992,10992,ta091,0,10320,11173,0,0,19023,0.946248382656288,0.919932593182604,0.0537516173437118,0.946248382656288,True,True,ta091–ta100,200×10,200,10,94.6248382656288,5.375161734371179,91.9932593182604,110.310504,8.832276,13.788813,0.741171,91.9932593182604,0.0,94.62483826562881
9744636,148353368,976009,0,20000,937584,38425,18544171,{},730075,10653,10653,ta092,0,9769,10903,0,0,18455,0.960630485989371,0.9343146965156868,0.039369514010629,0.960630485989371,True,True,ta091–ta100,200×10,200,10,96.0630485989371,3.9369514010629,93.43146965156868,148.353368,9.744636,18.544171,0.730075,93.43146965156868,0.0,96.0630485989371
9012576,117577776,773538,0,20000,734601,38937,14697222,{},739803,10981,10981,ta093,0,10268,11191,0,0,18974,0.9496637527826688,0.9233479633089844,0.0503362472173312,0.9496637527826688,True,True,ta091–ta100,200×10,200,10,94.96637527826688,5.03362472173312,92.33479633089844,117.577776,9.012576,14.697222,0.739803,92.33479633089846,1.4210854715202004e-14,94.96637527826687
8733308,106705672,702011,0,20000,663029,38982,13338209,{},740658,10818,10818,ta094,0,10262,11094,0,0,18996,0.9444709555833172,0.9181551661096328,0.0555290444166829,0.9444709555833172,True,True,ta091–ta100,200×10,200,10,94.44709555833171,5.55290444166829,91.81551661096327,106.705672,8.733308,13.338209,0.740658,91.81551661096329,1.4210854715202004e-14,94.44709555833171
9005164,118693912,780881,0,20000,742186,38695,14836739,{},735205,10992,10992,ta095,0,10202,11132,0,0,18736,0.9504469951247372,0.9241312056510532,0.0495530048752626,0.9504469951247372,True,True,ta091–ta100,200×10,200,10,95.04469951247371,4.9553004875262605,92.41312056510532,118.693912,9.005164,14.836739,0.735205,92.41312056510532,0.0,95.04469951247373
9135528,122042016,802908,0,20000,763935,38973,15255252,{},740487,10638,10638,ta096,0,9993,10886,0,0,19005,0.951460192201348,0.925144402727664,0.0485398077986519,0.951460192201348,True,True,ta091–ta100,200×10,200,10,95.1460192201348,4.85398077986519,92.5144402727664,122.042016,9.135528,15.255252,0.740487,92.5144402727664,0.0,95.14601922013482
8352592,90245744,593722,0,20000,554395,39327,11280718,{},747213,11222,11222,ta097,0,10852,11503,0,0,19356,0.9337619289835984,0.9074461395099142,0.0662380710164016,0.9337619289835984,True,True,ta091–ta100,200×10,200,10,93.37619289835985,6.62380710164016,90.74461395099142,90.245744,8.352592,11.280718,0.747213,90.74461395099142,0.0,93.37619289835983
9107284,121488584,799267,0,20000,760384,38883,15186073,{},738777,10864,10864,ta098,0,10137,11087,0,0,18906,0.9513516759731104,0.925035886499426,0.0486483240268896,0.9513516759731104,True,True,ta091–ta100,200×10,200,10,95.13516759731104,4.86483240268896,92.5035886499426,121.488584,9.107284,15.186073,0.738777,92.50358864994263,2.842170943040401e-14,95.13516759731104
8850072,111645216,734508,0,20000,695613,38895,13955652,{},739005,11231,11231,ta099,0,10636,11432,0,0,18917,0.947046186018396,0.9207303965447118,0.052953813981604,0.947046186018396,True,True,ta091–ta100,200×10,200,10,94.7046186018396,5.2953813981604005,92.07303965447117,111.645216,8.850072,13.955652,0.739005,92.07303965447117,0.0,94.7046186018396
9320292,130027640,855445,0,20000,816639,38806,16253455,{},737314,10851,10851,ta100,0,10095,11102,0,0,18830,0.9546364757523862,0.928320686278702,0.0453635242476138,0.9546364757523862,True,True,ta091–ta100,200×10,200,10,95.46364757523862,4.53635242476138,92.8320686278702,130.02764,9.320292,16.253455,0.737314,92.8320686278702,0.0,95.46364757523862
10544120,184024576,1210688,0,20000,1173179,37509,23003072,{},712671,11453,11453,ta101,0,10325,11712,0,0,17527,0.9690184424063012,0.942702652932617,0.0309815575936987,0.9690184424063012,True,True,ta101–ta110,200×20,200,20,96.90184424063013,3.0981557593698703,94.2702652932617,184.024576,10.54412,23.003072,0.712671,94.27026529326172,1.4210854715202004e-14,96.90184424063013
10442564,178028328,1171239,0,20000,1133360,37879,22253541,{},719701,11748,11748,ta102,0,10596,11993,0,0,17893,0.9676590345779128,0.9413432451042286,0.0323409654220872,0.9676590345779128,True,True,ta101–ta110,200×20,200,20,96.76590345779128,3.23409654220872,94.13432451042286,178.028328,10.442564,22.253541,0.719701,94.13432451042286,0.0,96.76590345779128
10399956,176276376,1159713,0,20000,1121811,37902,22034547,{},720138,11759,11759,ta103,0,10644,12021,0,0,17940,0.9673177760359676,0.9410019865622832,0.0326822239640324,0.9673177760359676,True,True,ta101–ta110,200×20,200,20,96.73177760359675,3.2682223964032397,94.10019865622832,176.276376,10.399956,22.034547,0.720138,94.10019865622834,2.842170943040401e-14,96.73177760359675
10286172,171224808,1126479,0,20000,1088451,38028,21403101,{},722532,11683,11683,ta104,0,10687,11980,0,0,18076,0.9662417142263636,0.9399259247526796,0.0337582857736362,0.9662417142263636,True,True,ta101–ta110,200×20,200,20,96.62417142263637,3.3758285773636203,93.99259247526795,171.224808,10.286172,21.403101,0.722532,93.99259247526797,1.4210854715202004e-14,96.62417142263638
10614244,185539864,1220657,0,20000,1182949,37708,23192483,{},716452,11533,11533,ta105,0,10397,11827,0,0,17750,0.9691084391438382,0.942792649670154,0.0308915608561618,0.9691084391438382,True,True,ta101–ta110,200×20,200,20,96.91084391438382,3.08915608561618,94.2792649670154,185.539864,10.614244,23.192483,0.716452,94.2792649670154,0.0,96.91084391438382
10047232,161960256,1065528,0,20000,1027468,38060,20245032,{},723140,11829,11829,ta106,0,10880,12150,0,0,18092,0.9642806195613818,0.9379648300876976,0.0357193804386182,0.9642806195613818,True,True,ta101–ta110,200×20,200,20,96.42806195613818,3.57193804386182,93.79648300876975,161.960256,10.047232,20.245032,0.72314,93.79648300876975,0.0,96.42806195613818
10374280,175260256,1153028,0,20000,1115119,37909,21907532,{},720271,11711,11711,ta107,0,10723,12048,0,0,17955,0.9671222207960256,0.9408064313223417,0.0328777792039742,0.9671222207960256,True,True,ta101–ta110,200×20,200,20,96.71222207960255,3.2877779203974202,94.08064313223417,175.260256,10.37428,21.907532,0.720271,94.08064313223417,0.0,96.71222207960257
10048476,162972120,1072185,0,20000,1034292,37893,20371515,{},719967,11624,11624,ta108,0,10600,11892,0,0,17917,0.9646581513451504,0.938342361871466,0.0353418486548496,0.9646581513451504,True,True,ta101–ta110,200×20,200,20,96.46581513451504,3.53418486548496,93.8342361871466,162.97212,10.048476,20.371515,0.719967,93.83423618714663,2.842170943040401e-14,96.46581513451503
10086772,162550168,1069409,0,20000,1031191,38218,20318771,{},726142,11678,11678,ta109,0,10712,11970,0,0,18262,0.9642625038689594,0.9379467143952752,0.0357374961310406,0.9642625038689594,True,True,ta101–ta110,200×20,200,20,96.42625038689594,3.5737496131040603,93.79467143952752,162.550168,10.086772,20.318771,0.726142,93.79467143952752,0.0,96.42625038689594
10243952,169112160,1112580,0,20000,1074464,38116,21139020,{},724204,11529,11529,ta110,0,10572,11883,0,0,18151,0.9657408905427024,0.9394251010690184,0.0342591094572974,0.9657408905427024,True,True,ta101–ta110,200×20,200,20,96.57408905427025,3.42591094572974,93.94251010690185,169.11216,10.243952,21.13902,0.724204,93.94251010690185,0.0,96.57408905427025
29735728,335208944,2205322,0,20000,2067727,137595,41901118,{},2614305,26798,26798,ta111,0,24512,27086,0,0,117622,0.9376077507048858,0.9112919612312016,0.0623922492951142,0.9376077507048858,True,True,ta111–ta120,500×20,500,20,93.76077507048858,6.23922492951142,91.12919612312015,335.208944,29.735728,41.901118,2.614305,91.12919612312015,0.0,93.76077507048858
29508796,325724904,2142927,0,20000,2005183,137744,40715613,{},2617136,27351,27351,ta112,0,25091,27647,0,0,117782,0.9357215621437408,0.9094057726700566,0.0642784378562592,0.9357215621437408,True,True,ta111–ta120,500×20,500,20,93.57215621437408,6.427843785625919,90.94057726700566,325.724904,29.508796,40.715613,2.617136,90.94057726700566,0.0,93.57215621437408
29152200,309436432,2035766,0,20000,1897548,138218,38679554,{},2626142,27075,27075,ta113,0,24872,27307,0,0,118229,0.9321051633635692,0.9057893738898852,0.0678948366364307,0.9321051633635692,True,True,ta111–ta120,500×20,500,20,93.21051633635692,6.78948366364307,90.57893738898852,309.436432,29.1522,38.679554,2.626142,90.5789373889885,1.4210854715202004e-14,93.21051633635693
29656416,326112960,2145480,0,20000,2006832,138648,40764120,{},2634312,27079,27079,ta114,0,24833,27366,0,0,118685,0.9353766989205212,0.909060909446837,0.0646233010794787,0.9353766989205212,True,True,ta111–ta120,500×20,500,20,93.53766989205212,6.46233010794787,90.9060909446837,326.11296,29.656416,40.76412,2.634312,90.90609094468371,1.4210854715202004e-14,93.53766989205212
29123300,302088600,1987425,0,20000,1848125,139300,37761075,{},2646700,27192,27192,ta115,0,25123,27397,0,0,119315,0.9299093047536384,0.9035935152799544,0.0700906952463615,0.9299093047536384,True,True,ta111–ta120,500×20,500,20,92.99093047536384,7.00906952463615,90.35935152799543,302.0886,29.1233,37.761075,2.6467,90.35935152799543,0.0,92.99093047536385
28984648,296138256,1948278,0,20000,1808860,139418,37017282,{},2648942,27321,27321,ta116,0,25347,27615,0,0,119428,0.9284403971096528,0.9021246076359686,0.0715596028903472,0.9284403971096528,True,True,ta111–ta120,500×20,500,20,92.84403971096528,7.15596028903472,90.21246076359685,296.138256,28.984648,37.017282,2.648942,90.21246076359685,0.0,92.84403971096528
29841280,338012736,2223768,0,20000,2085964,137804,42251592,{},2618276,26851,26851,ta117,0,24538,27144,0,0,117832,0.9380313054239472,0.9117155159502628,0.0619686945760529,0.9380313054239472,True,True,ta111–ta120,500×20,500,20,93.80313054239473,6.19686945760529,91.17155159502627,338.012736,29.84128,42.251592,2.618276,91.17155159502629,1.4210854715202004e-14,93.80313054239471
30506076,365654696,2405623,0,20000,2268231,137392,45706837,{},2610448,27167,27167,ta118,0,24647,27478,0,0,117420,0.9428871439955472,0.9165713545218628,0.0571128560044529,0.9428871439955472,True,True,ta111–ta120,500×20,500,20,94.28871439955472,5.71128560044529,91.65713545218628,365.654696,30.506076,45.706837,2.610448,91.6571354521863,1.4210854715202004e-14,94.2887143995547
29753556,333570232,2194541,0,20000,2056545,137996,41696279,{},2621924,26688,26688,ta119,0,24431,27027,0,0,118047,0.9371185136208438,0.9108027241471596,0.0628814863791562,0.9371185136208438,True,True,ta111–ta120,500×20,500,20,93.71185136208437,6.28814863791562,91.08027241471596,333.570232,29.753556,41.696279,2.621924,91.08027241471596,0.0,93.71185136208437
29537924,324561800,2135275,0,20000,1997138,138137,40570225,{},2624603,27063,27063,ta120,0,24855,27352,0,0,118157,0.9353071618409806,0.9089913723672964,0.0646928381590193,0.9353071618409808,True,True,ta111–ta120,500×20,500,20,93.53071618409807,6.46928381590193,90.89913723672964,324.5618,29.537924,40.570225,2.624603,90.89913723672966,1.4210854715202004e-14,93.53071618409807
