instance,n,m,seed,initial_ub,initial_lb
ta001.txt,20,5,873654221,1278,1232
ta002.txt,20,5,379008056,1359,1290
ta003.txt,20,5,1866992158,1081,1073
ta004.txt,20,5,216771124,1293,1268
ta005.txt,20,5,495070989,1236,1198
ta006.txt,20,5,402959317,1195,1180
ta007.txt,20,5,1369363414,1239,1226
ta008.txt,20,5,2021925980,1206,1170
ta009.txt,20,5,573109518,1230,1206
ta010.txt,20,5,88325120,1108,1082
ta011.txt,20,10,587595453,1582,1448
ta012.txt,20,10,1401007982,1659,1479
ta013.txt,20,10,873136276,1496,1407
ta014.txt,20,10,268827376,1378,1308
ta015.txt,20,10,1634173168,1419,1325
ta016.txt,20,10,691823909,1397,1290
ta017.txt,20,10,73807235,1484,1388
ta018.txt,20,10,1273398721,1538,1363
ta019.txt,20,10,2065119309,1593,1472
ta020.txt,20,10,1672900551,1591,1356
ta021.txt,20,20,479340445,2297,1911
ta022.txt,20,20,268827376,2100,1711
ta023.txt,20,20,1958948863,2326,1844
ta024.txt,20,20,918272953,2223,1810
ta025.txt,20,20,555010963,2291,1899
ta026.txt,20,20,2010851491,2226,1875
ta027.txt,20,20,1519833303,2273,1875
ta028.txt,20,20,1748670931,2200,1880
ta029.txt,20,20,1923497586,2237,1840
ta030.txt,20,20,1829909967,2178,1900
ta031.txt,50,5,1328042058,2724,2712
ta032.txt,50,5,200382020,2834,2808
ta033.txt,50,5,496319842,2621,2596
ta034.txt,50,5,1203030903,2751,2740
ta035.txt,50,5,1730708564,2863,2837
ta036.txt,50,5,450926852,2829,2793
ta037.txt,50,5,1303135678,2725,2689
ta038.txt,50,5,1273398721,2683,2667
ta039.txt,50,5,587288402,2552,2527
ta040.txt,50,5,248421594,2782,2776
ta041.txt,50,10,1958948863,3025,2907
ta042.txt,50,10,575633267,2892,2821
ta043.txt,50,10,655816003,2864,2801
ta044.txt,50,10,1977864101,3064,2968
ta045.txt,50,10,93805469,2986,2908
ta046.txt,50,10,1803345551,3006,2941
ta047.txt,50,10,49612559,3107,3062
ta048.txt,50,10,1899802599,3039,2959
ta049.txt,50,10,2013025619,2902,2795
ta050.txt,50,10,578962478,3091,3046
ta051.txt,50,20,1539989115,3875,3480
ta052.txt,50,20,691823909,3715,3424
ta053.txt,50,20,655816003,3668,3351
ta054.txt,50,20,1315102446,3752,3336
ta055.txt,50,20,1949668355,3635,3313
ta056.txt,50,20,1923497586,3698,3460
ta057.txt,50,20,1805594913,3716,3427
ta058.txt,50,20,1861070898,3709,3383
ta059.txt,50,20,715643788,3765,3457
ta060.txt,50,20,464843328,3777,3438
ta061.txt,100,5,896678084,5493,5437
ta062.txt,100,5,1179439976,5268,5208
ta063.txt,100,5,1122278347,5175,5130
ta064.txt,100,5,416756875,5014,4963
ta065.txt,100,5,267829958,5250,5195
ta066.txt,100,5,1835213917,5135,5063
ta067.txt,100,5,1328833962,5246,5198
ta068.txt,100,5,1418570761,5106,5038
ta069.txt,100,5,161033112,5454,5385
ta070.txt,100,5,304212574,5328,5272
ta071.txt,100,10,1539989115,5770,5759
ta072.txt,100,10,655816003,5349,5345
ta073.txt,100,10,960914243,5677,5623
ta074.txt,100,10,1915696806,5791,5732
ta075.txt,100,10,2013025619,5468,5431
ta076.txt,100,10,1168140026,5303,5246
ta077.txt,100,10,1923497586,5599,5523
ta078.txt,100,10,167698528,5623,5556
ta079.txt,100,10,1528387973,5875,5779
ta080.txt,100,10,993794175,5845,5830
ta081.txt,100,20,450926852,6286,5851
ta082.txt,100,20,1462772409,6241,6099
ta083.txt,100,20,1021685265,6329,6099
ta084.txt,100,20,83696007,6306,6072
ta085.txt,100,20,508154254,6377,6009
ta086.txt,100,20,1861070898,6437,6144
ta087.txt,100,20,26482542,6346,5991
ta088.txt,100,20,444956424,6481,6084
ta089.txt,100,20,2115448041,6358,5979
ta090.txt,100,20,118254244,6465,6298
ta091.txt,200,10,471503978,10868,10816
ta092.txt,200,10,1215892992,10494,10422
ta093.txt,200,10,135346136,10922,10886
ta094.txt,200,10,1602504050,10889,10794
ta095.txt,200,10,160037322,10524,10437
ta096.txt,200,10,551454346,10331,10255
ta097.txt,200,10,519485142,10857,10761
ta098.txt,200,10,383947510,10731,10663
ta099.txt,200,10,1968171878,10438,10348
ta100.txt,200,10,540872513,10676,10616
ta101.txt,200,20,2013025619,11294,10979
ta102.txt,200,20,475051709,11420,10947
ta103.txt,200,20,914834335,11446,11150
ta104.txt,200,20,810642687,11347,11127
ta105.txt,200,20,1019331795,11311,11132
ta106.txt,200,20,2056065863,11282,11085
ta107.txt,200,20,1342855162,11456,11194
ta108.txt,200,20,1325809384,11415,11126
ta109.txt,200,20,1988803007,11343,10965
ta110.txt,200,20,765656702,11422,11122
ta111.txt,500,20,1368624604,26189,25922
ta112.txt,500,20,450181436,26629,26353
ta113.txt,500,20,1927888393,26458,26320
ta114.txt,500,20,1759567256,26549,26424
ta115.txt,500,20,606425239,26404,26181
ta116.txt,500,20,19268348,26581,26401
ta117.txt,500,20,1298201670,26461,26300
ta118.txt,500,20,2041736264,26615,26429
ta119.txt,500,20,379756761,26083,25891
ta120.txt,500,20,28837162,26527,26315
